Record Length,2.50E+03,,-0.0000024,-0.8
Sample Interval,1.00E-08,,-0.00000239,0
Trigger Point,2.40E+02,,-0.00000238,0
,,,-0.00000237,0
,,,-0.00000236,0
,,,-0.00000235,0.8
Source,CH1,,-0.00000234,0
Vertical Units,V,,-0.00000233,0
Vertical Scale,2.00E+01,,-0.00000232,0
Vertical Offset,-8.00E-01,,-0.00000231,0
Horizontal Units,s,,-0.0000023,0
Horizontal Scale,2.50E-06,,-0.00000229,1.6
Pt Fmt,Y,,-0.00000228,0.8
Yzero,0.00E+00,,-0.00000227,0.8
Probe Atten,1.00E+01,,-0.00000226,0
Model Number,TDS2024C,,-0.00000225,0
Serial Number,C043969,,-0.00000224,0.8
Firmware Version,FV:v24.26,,-0.00000223,0.8
,,,-0.00000222,0
,,,-0.00000221,0.8
,,,-0.0000022,0
,,,-0.00000219,0.8
,,,-0.00000218,0.8
,,,-0.00000217,0.8
,,,-0.00000216,0
,,,-0.00000215,0
,,,-0.00000214,2.4
,,,-0.00000213,-0.8
,,,-0.00000212,-0.8
,,,-0.00000211,-0.8
,,,-0.0000021,0
,,,-0.00000209,0
,,,-0.00000208,0
,,,-0.00000207,-0.8
,,,-0.00000206,-0.8
,,,-0.00000205,0
,,,-0.00000204,0.8
,,,-0.00000203,-0.8
,,,-0.00000202,0
,,,-0.00000201,0
,,,-0.000002,0
,,,-0.00000199,0
,,,-0.00000198,0
,,,-0.00000197,0
,,,-0.00000196,-0.8
,,,-0.00000195,-0.8
,,,-0.00000194,0.8
,,,-0.00000193,0
,,,-0.00000192,0
,,,-0.00000191,0
,,,-0.0000019,0.8
,,,-0.00000189,1.6
,,,-0.00000188,0
,,,-0.00000187,0
,,,-0.00000186,0
,,,-0.00000185,0
,,,-0.00000184,0
,,,-0.00000183,0
,,,-0.00000182,-0.8
,,,-0.00000181,0.8
,,,-0.0000018,-0.8
,,,-0.00000179,0
,,,-0.00000178,0
,,,-0.00000177,0
,,,-0.00000176,0
,,,-0.00000175,-0.8
,,,-0.00000174,0.8
,,,-0.00000173,0
,,,-0.00000172,0
,,,-0.00000171,-0.8
,,,-0.0000017,0
,,,-0.00000169,0.8
,,,-0.00000168,0
,,,-0.00000167,0
,,,-0.00000166,0
,,,-0.00000165,0
,,,-0.00000164,0.8
,,,-0.00000163,0
,,,-0.00000162,0
,,,-0.00000161,0
,,,-0.0000016,0
,,,-0.00000159,0.8
,,,-0.00000158,0
,,,-0.00000157,0
,,,-0.00000156,-0.8
,,,-0.00000155,0
,,,-0.00000154,0.8
,,,-0.00000153,0
,,,-0.00000152,0
,,,-0.00000151,0
,,,-0.0000015,0
,,,-0.00000149,1.6
,,,-0.00000148,0.8
,,,-0.00000147,0.8
,,,-0.00000146,0.8
,,,-0.00000145,0.8
,,,-0.00000144,0
,,,-0.00000143,0.8
,,,-0.00000142,0
,,,-0.00000141,-0.8
,,,-0.0000014,0
,,,-0.00000139,0
,,,-0.00000138,-0.8
,,,-0.00000137,0
,,,-0.00000136,0
,,,-0.00000135,0
,,,-0.00000134,-0.8
,,,-0.00000133,0
,,,-0.00000132,0.8
,,,-0.00000131,0.8
,,,-0.0000013,1.6
,,,-0.00000129,0
,,,-0.00000128,-0.8
,,,-0.00000127,0.8
,,,-0.00000126,-0.8
,,,-0.00000125,0.8
,,,-0.00000124,-0.8
,,,-0.00000123,-0.8
,,,-0.00000122,0
,,,-0.00000121,0.8
,,,-0.0000012,1.6
,,,-0.00000119,0
,,,-0.00000118,0
,,,-0.00000117,0.8
,,,-0.00000116,-0.8
,,,-0.00000115,1.6
,,,-0.00000114,0
,,,-0.00000113,0
,,,-0.00000112,-0.8
,,,-0.00000111,0
,,,-0.0000011,0
,,,-0.00000109,-0.8
,,,-0.00000108,0
,,,-0.00000107,0
,,,-0.00000106,0
,,,-0.00000105,1.6
,,,-0.00000104,0
,,,-0.00000103,0.8
,,,-0.00000102,0
,,,-0.00000101,1.6
,,,-0.000001,0.8
,,,-0.00000099,0
,,,-0.00000098,-0.8
,,,-0.00000097,-0.8
,,,-0.00000096,0.8
,,,-0.00000095,0
,,,-0.00000094,0
,,,-0.00000093,-0.8
,,,-0.00000092,0
,,,-0.00000091,1.6
,,,-0.0000009,0.8
,,,-0.00000089,0
,,,-0.00000088,-0.8
,,,-0.00000087,-0.8
,,,-0.00000086,0
,,,-0.00000085,0.8
,,,-0.00000084,-0.8
,,,-0.00000083,-0.8
,,,-0.00000082,-0.8
,,,-0.00000081,-0.8
,,,-0.0000008,0.8
,,,-0.00000079,0
,,,-0.00000078,0
,,,-0.00000077,0
,,,-0.00000076,0
,,,-0.00000075,0
,,,-0.00000074,0.8
,,,-0.00000073,-0.8
,,,-0.00000072,0
,,,-0.00000071,0.8
,,,-0.0000007,1.6
,,,-0.00000069,0
,,,-0.00000068,0
,,,-0.00000067,0.8
,,,-0.00000066,0.8
,,,-0.00000065,1.6
,,,-0.00000064,0.8
,,,-0.00000063,0
,,,-0.00000062,-0.8
,,,-0.00000061,-0.8
,,,-0.0000006,0
,,,-0.00000059,0
,,,-0.00000058,-2.4
,,,-0.00000057,0
,,,-0.00000056,-0.8
,,,-0.00000055,0.8
,,,-0.00000054,-0.8
,,,-0.00000053,0.8
,,,-0.00000052,-0.8
,,,-0.00000051,0.8
,,,-0.0000005,0.8
,,,-0.00000049,0
,,,-0.00000048,0
,,,-0.00000047,-0.8
,,,-0.00000046,0
,,,-0.00000045,0
,,,-0.00000044,0
,,,-0.00000043,0.8
,,,-0.00000042,0.8
,,,-0.00000041,0.8
,,,-0.0000004,0.8
,,,-0.00000039,0
,,,-0.00000038,0.8
,,,-0.00000037,0
,,,-0.00000036,0
,,,-0.00000035,0
,,,-0.00000034,-0.8
,,,-0.00000033,-0.8
,,,-0.00000032,-0.8
,,,-0.00000031,0.8
,,,-0.0000003,0
,,,-0.00000029,0
,,,-0.00000028,1.6
,,,-0.00000027,0.8
,,,-0.00000026,0.8
,,,-0.00000025,1.6
,,,-0.00000024,0
,,,-0.00000023,0.8
,,,-0.00000022,-0.8
,,,-0.00000021,0.8
,,,-0.0000002,0
,,,-0.00000019,0
,,,-0.00000018,0
,,,-0.00000017,0
,,,-0.00000016,0.8
,,,-0.00000015,0
,,,-0.00000014,0
,,,-0.00000013,0
,,,-0.00000012,-0.8
,,,-0.00000011,1.6
,,,-0.0000001,-0.8
,,,-0.00000009,0
,,,-0.00000008,-0.8
,,,-0.00000007,0
,,,-0.00000006,-2.4
,,,-0.00000005,-12
,,,-0.00000004,-25.6
,,,-0.00000003,-39.2
,,,-0.00000002,-40.8
,,,-0.00000001,-38.4
,,,0,-39.2
,,,0.00000001,-40
,,,0.00000002,-38.4
,,,0.00000003,-28.8
,,,0.00000004,1.6
,,,0.00000005,16.8
,,,0.00000006,24
,,,0.00000007,27.2
,,,0.00000008,29.6
,,,0.00000009,29.6
,,,0.0000001,28
,,,0.00000011,25.6
,,,0.00000012,24
,,,0.00000013,23.2
,,,0.00000014,22.4
,,,0.00000015,21.6
,,,0.00000016,22.4
,,,0.00000017,22.4
,,,0.00000018,23.2
,,,0.00000019,23.2
,,,0.0000002,21.6
,,,0.00000021,23.2
,,,0.00000022,23.2
,,,0.00000023,23.2
,,,0.00000024,24
,,,0.00000025,22.4
,,,0.00000026,22.4
,,,0.00000027,20.8
,,,0.00000028,20
,,,0.00000029,20.8
,,,0.0000003,19.2
,,,0.00000031,19.2
,,,0.00000032,16.8
,,,0.00000033,15.2
,,,0.00000034,16
,,,0.00000035,14.4
,,,0.00000036,13.6
,,,0.00000037,12.8
,,,0.00000038,12.8
,,,0.00000039,12
,,,0.0000004,11.2
,,,0.00000041,11.2
,,,0.00000042,9.6
,,,0.00000043,9.6
,,,0.00000044,9.6
,,,0.00000045,9.6
,,,0.00000046,8.8
,,,0.00000047,8
,,,0.00000048,7.2
,,,0.00000049,7.2
,,,0.0000005,7.2
,,,0.00000051,5.6
,,,0.00000052,5.6
,,,0.00000053,5.6
,,,0.00000054,5.6
,,,0.00000055,4.8
,,,0.00000056,4
,,,0.00000057,4.8
,,,0.00000058,5.6
,,,0.00000059,4.8
,,,0.0000006,4.8
,,,0.00000061,4.8
,,,0.00000062,4
,,,0.00000063,3.2
,,,0.00000064,4
,,,0.00000065,3.2
,,,0.00000066,3.2
,,,0.00000067,3.2
,,,0.00000068,4
,,,0.00000069,2.4
,,,0.0000007,3.2
,,,0.00000071,2.4
,,,0.00000072,2.4
,,,0.00000073,3.2
,,,0.00000074,2.4
,,,0.00000075,1.6
,,,0.00000076,1.6
,,,0.00000077,2.4
,,,0.00000078,4
,,,0.00000079,1.6
,,,0.0000008,1.6
,,,0.00000081,1.6
,,,0.00000082,0.8
,,,0.00000083,1.6
,,,0.00000084,1.6
,,,0.00000085,2.4
,,,0.00000086,1.6
,,,0.00000087,1.6
,,,0.00000088,1.6
,,,0.00000089,0.8
,,,0.0000009,0.8
,,,0.00000091,0.8
,,,0.00000092,1.6
,,,0.00000093,2.4
,,,0.00000094,0.8
,,,0.00000095,0.8
,,,0.00000096,0
,,,0.00000097,0.8
,,,0.00000098,1.6
,,,0.00000099,0.8
,,,0.000001,0
,,,0.00000101,0
,,,0.00000102,0
,,,0.00000103,1.6
,,,0.00000104,0.8
,,,0.00000105,0.8
,,,0.00000106,0
,,,0.00000107,0.8
,,,0.00000108,0.8
,,,0.00000109,0
,,,0.0000011,0.8
,,,0.00000111,0
,,,0.00000112,0.8
,,,0.00000113,0.8
,,,0.00000114,1.6
,,,0.00000115,0
,,,0.00000116,0
,,,0.00000117,0.8
,,,0.00000118,1.6
,,,0.00000119,0
,,,0.0000012,0
,,,0.00000121,0.8
,,,0.00000122,0
,,,0.00000123,0
,,,0.00000124,0
,,,0.00000125,0
,,,0.00000126,0
,,,0.00000127,0
,,,0.00000128,0.8
,,,0.00000129,0
,,,0.0000013,0.8
,,,0.00000131,-0.8
,,,0.00000132,0
,,,0.00000133,0
,,,0.00000134,0.8
,,,0.00000135,0.8
,,,0.00000136,0
,,,0.00000137,0.8
,,,0.00000138,0.8
,,,0.00000139,0
,,,0.0000014,0
,,,0.00000141,0
,,,0.00000142,0
,,,0.00000143,0.8
,,,0.00000144,0.8
,,,0.00000145,0
,,,0.00000146,-0.8
,,,0.00000147,0
,,,0.00000148,0
,,,0.00000149,0
,,,0.0000015,0
,,,0.00000151,0
,,,0.00000152,0
,,,0.00000153,0.8
,,,0.00000154,0
,,,0.00000155,0
,,,0.00000156,0
,,,0.00000157,0.8
,,,0.00000158,0
,,,0.00000159,0
,,,0.0000016,0.8
,,,0.00000161,0
,,,0.00000162,0
,,,0.00000163,0
,,,0.00000164,0
,,,0.00000165,0
,,,0.00000166,-0.8
,,,0.00000167,0.8
,,,0.00000168,0
,,,0.00000169,0
,,,0.0000017,0
,,,0.00000171,0
,,,0.00000172,0.8
,,,0.00000173,0.8
,,,0.00000174,0
,,,0.00000175,0
,,,0.00000176,0.8
,,,0.00000177,1.6
,,,0.00000178,0
,,,0.00000179,-0.8
,,,0.0000018,0
,,,0.00000181,-0.8
,,,0.00000182,0.8
,,,0.00000183,0
,,,0.00000184,0
,,,0.00000185,0
,,,0.00000186,0
,,,0.00000187,0
,,,0.00000188,0
,,,0.00000189,0
,,,0.0000019,0
,,,0.00000191,0
,,,0.00000192,0.8
,,,0.00000193,-0.8
,,,0.00000194,0
,,,0.00000195,0.8
,,,0.00000196,-0.8
,,,0.00000197,0.8
,,,0.00000198,-0.8
,,,0.00000199,-0.8
,,,0.000002,-0.8
,,,0.00000201,-1.6
,,,0.00000202,0.8
,,,0.00000203,0.8
,,,0.00000204,-0.8
,,,0.00000205,0
,,,0.00000206,0
,,,0.00000207,0
,,,0.00000208,0
,,,0.00000209,0
,,,0.0000021,0.8
,,,0.00000211,0.8
,,,0.00000212,0.8
,,,0.00000213,-0.8
,,,0.00000214,-0.8
,,,0.00000215,-0.8
,,,0.00000216,0
,,,0.00000217,0.8
,,,0.00000218,0.8
,,,0.00000219,0
,,,0.0000022,-0.8
,,,0.00000221,0
,,,0.00000222,1.6
,,,0.00000223,0
,,,0.00000224,0.8
,,,0.00000225,-1.6
,,,0.00000226,0
,,,0.00000227,0.8
,,,0.00000228,0
,,,0.00000229,-0.8
,,,0.0000023,-0.8
,,,0.00000231,-0.8
,,,0.00000232,-1.6
,,,0.00000233,-12
,,,0.00000234,-30.4
,,,0.00000235,-40.8
,,,0.00000236,-37.6
,,,0.00000237,-33.6
,,,0.00000238,-34.4
,,,0.00000239,-34.4
,,,0.0000024,-34.4
,,,0.00000241,-35.2
,,,0.00000242,-34.4
,,,0.00000243,-35.2
,,,0.00000244,-35.2
,,,0.00000245,-35.2
,,,0.00000246,-36.8
,,,0.00000247,-39.2
,,,0.00000248,-32.8
,,,0.00000249,-5.6
,,,0.0000025,16
,,,0.00000251,24
,,,0.00000252,28
,,,0.00000253,28.8
,,,0.00000254,29.6
,,,0.00000255,25.6
,,,0.00000256,24
,,,0.00000257,23.2
,,,0.00000258,22.4
,,,0.00000259,21.6
,,,0.0000026,22.4
,,,0.00000261,23.2
,,,0.00000262,22.4
,,,0.00000263,19.2
,,,0.00000264,16.8
,,,0.00000265,10.4
,,,0.00000266,4
,,,0.00000267,-6.4
,,,0.00000268,-16
,,,0.00000269,-24
,,,0.0000027,-30.4
,,,0.00000271,-32.8
,,,0.00000272,-36.8
,,,0.00000273,-37.6
,,,0.00000274,-37.6
,,,0.00000275,-37.6
,,,0.00000276,-36.8
,,,0.00000277,-37.6
,,,0.00000278,-36.8
,,,0.00000279,-36
,,,0.0000028,-35.2
,,,0.00000281,-32
,,,0.00000282,-32.8
,,,0.00000283,-31.2
,,,0.00000284,-28.8
,,,0.00000285,-27.2
,,,0.00000286,-25.6
,,,0.00000287,-25.6
,,,0.00000288,-24.8
,,,0.00000289,-22.4
,,,0.0000029,-21.6
,,,0.00000291,-19.2
,,,0.00000292,-19.2
,,,0.00000293,-18.4
,,,0.00000294,-16.8
,,,0.00000295,-16
,,,0.00000296,-14.4
,,,0.00000297,-12.8
,,,0.00000298,-13.6
,,,0.00000299,-13.6
,,,0.000003,-12.8
,,,0.00000301,-11.2
,,,0.00000302,-10.4
,,,0.00000303,-9.6
,,,0.00000304,-9.6
,,,0.00000305,-8.8
,,,0.00000306,-7.2
,,,0.00000307,-7.2
,,,0.00000308,-6.4
,,,0.00000309,-6.4
,,,0.0000031,-7.2
,,,0.00000311,-6.4
,,,0.00000312,-6.4
,,,0.00000313,-6.4
,,,0.00000314,-7.2
,,,0.00000315,-5.6
,,,0.00000316,-5.6
,,,0.00000317,-5.6
,,,0.00000318,-5.6
,,,0.00000319,-4
,,,0.0000032,-4.8
,,,0.00000321,-4
,,,0.00000322,-4.8
,,,0.00000323,-3.2
,,,0.00000324,-4.8
,,,0.00000325,-2.4
,,,0.00000326,-1.6
,,,0.00000327,-2.4
,,,0.00000328,-2.4
,,,0.00000329,-2.4
,,,0.0000033,-0.8
,,,0.00000331,-0.8
,,,0.00000332,-2.4
,,,0.00000333,-2.4
,,,0.00000334,-2.4
,,,0.00000335,-2.4
,,,0.00000336,-1.6
,,,0.00000337,-2.4
,,,0.00000338,-1.6
,,,0.00000339,-1.6
,,,0.0000034,-1.6
,,,0.00000341,0
,,,0.00000342,0
,,,0.00000343,0
,,,0.00000344,-0.8
,,,0.00000345,-0.8
,,,0.00000346,0.8
,,,0.00000347,-0.8
,,,0.00000348,-0.8
,,,0.00000349,-0.8
,,,0.0000035,0.8
,,,0.00000351,0
,,,0.00000352,0
,,,0.00000353,-0.8
,,,0.00000354,-0.8
,,,0.00000355,-0.8
,,,0.00000356,-1.6
,,,0.00000357,-0.8
,,,0.00000358,-0.8
,,,0.00000359,-1.6
,,,0.0000036,0
,,,0.00000361,0
,,,0.00000362,-0.8
,,,0.00000363,-0.8
,,,0.00000364,-0.8
,,,0.00000365,0
,,,0.00000366,-1.6
,,,0.00000367,-0.8
,,,0.00000368,-0.8
,,,0.00000369,0
,,,0.0000037,-0.8
,,,0.00000371,-0.8
,,,0.00000372,-0.8
,,,0.00000373,0.8
,,,0.00000374,0
,,,0.00000375,0
,,,0.00000376,-0.8
,,,0.00000377,0
,,,0.00000378,0
,,,0.00000379,-0.8
,,,0.0000038,0.8
,,,0.00000381,-0.8
,,,0.00000382,0.8
,,,0.00000383,0
,,,0.00000384,0
,,,0.00000385,0
,,,0.00000386,0.8
,,,0.00000387,0
,,,0.00000388,0
,,,0.00000389,-0.8
,,,0.0000039,0
,,,0.00000391,0
,,,0.00000392,-1.6
,,,0.00000393,-0.8
,,,0.00000394,-0.8
,,,0.00000395,0.8
,,,0.00000396,0
,,,0.00000397,0
,,,0.00000398,0.8
,,,0.00000399,0.8
,,,0.000004,0.8
,,,0.00000401,0
,,,0.00000402,0
,,,0.00000403,0
,,,0.00000404,0.8
,,,0.00000405,1.6
,,,0.00000406,0
,,,0.00000407,0
,,,0.00000408,0
,,,0.00000409,0
,,,0.0000041,0.8
,,,0.00000411,-0.8
,,,0.00000412,-0.8
,,,0.00000413,-0.8
,,,0.00000414,0
,,,0.00000415,0.8
,,,0.00000416,0
,,,0.00000417,0
,,,0.00000418,0.8
,,,0.00000419,0.8
,,,0.0000042,0.8
,,,0.00000421,0.8
,,,0.00000422,0
,,,0.00000423,0
,,,0.00000424,1.6
,,,0.00000425,0.8
,,,0.00000426,0
,,,0.00000427,-0.8
,,,0.00000428,0
,,,0.00000429,0.8
,,,0.0000043,0.8
,,,0.00000431,0
,,,0.00000432,0
,,,0.00000433,0
,,,0.00000434,0.8
,,,0.00000435,1.6
,,,0.00000436,0.8
,,,0.00000437,0
,,,0.00000438,0
,,,0.00000439,0
,,,0.0000044,1.6
,,,0.00000441,0
,,,0.00000442,0.8
,,,0.00000443,0
,,,0.00000444,0.8
,,,0.00000445,0.8
,,,0.00000446,0
,,,0.00000447,0
,,,0.00000448,0
,,,0.00000449,0
,,,0.0000045,0
,,,0.00000451,0
,,,0.00000452,0
,,,0.00000453,-0.8
,,,0.00000454,0
,,,0.00000455,-0.8
,,,0.00000456,0
,,,0.00000457,0
,,,0.00000458,0
,,,0.00000459,0
,,,0.0000046,-0.8
,,,0.00000461,0
,,,0.00000462,0
,,,0.00000463,-0.8
,,,0.00000464,0.8
,,,0.00000465,0
,,,0.00000466,0
,,,0.00000467,0
,,,0.00000468,0
,,,0.00000469,0.8
,,,0.0000047,0.8
,,,0.00000471,0.8
,,,0.00000472,0
,,,0.00000473,0
,,,0.00000474,1.6
,,,0.00000475,0
,,,0.00000476,0.8
,,,0.00000477,0
,,,0.00000478,0
,,,0.00000479,0.8
,,,0.0000048,0
,,,0.00000481,0.8
,,,0.00000482,0
,,,0.00000483,0
,,,0.00000484,0.8
,,,0.00000485,-0.8
,,,0.00000486,0
,,,0.00000487,-0.8
,,,0.00000488,0
,,,0.00000489,0
,,,0.0000049,-0.8
,,,0.00000491,0.8
,,,0.00000492,0
,,,0.00000493,0
,,,0.00000494,0.8
,,,0.00000495,0
,,,0.00000496,0
,,,0.00000497,0
,,,0.00000498,0.8
,,,0.00000499,0.8
,,,0.000005,-0.8
,,,0.00000501,0
,,,0.00000502,0.8
,,,0.00000503,0
,,,0.00000504,0
,,,0.00000505,0.8
,,,0.00000506,0.8
,,,0.00000507,0
,,,0.00000508,0
,,,0.00000509,0
,,,0.0000051,0.8
,,,0.00000511,0
,,,0.00000512,-0.8
,,,0.00000513,-0.8
,,,0.00000514,1.6
,,,0.00000515,-0.8
,,,0.00000516,0
,,,0.00000517,0
,,,0.00000518,0.8
,,,0.00000519,0.8
,,,0.0000052,0
,,,0.00000521,0
,,,0.00000522,0
,,,0.00000523,-0.8
,,,0.00000524,0
,,,0.00000525,0
,,,0.00000526,0
,,,0.00000527,0
,,,0.00000528,0.8
,,,0.00000529,0.8
,,,0.0000053,0.8
,,,0.00000531,0.8
,,,0.00000532,-0.8
,,,0.00000533,0.8
,,,0.00000534,1.6
,,,0.00000535,0
,,,0.00000536,0
,,,0.00000537,-0.8
,,,0.00000538,0
,,,0.00000539,0.8
,,,0.0000054,0
,,,0.00000541,0.8
,,,0.00000542,-0.8
,,,0.00000543,0
,,,0.00000544,0
,,,0.00000545,0
,,,0.00000546,0
,,,0.00000547,0
,,,0.00000548,-0.8
,,,0.00000549,0
,,,0.0000055,0
,,,0.00000551,0.8
,,,0.00000552,-0.8
,,,0.00000553,0
,,,0.00000554,0.8
,,,0.00000555,0
,,,0.00000556,0
,,,0.00000557,0.8
,,,0.00000558,0
,,,0.00000559,0
,,,0.0000056,-1.6
,,,0.00000561,0
,,,0.00000562,0
,,,0.00000563,0.8
,,,0.00000564,0
,,,0.00000565,0
,,,0.00000566,0
,,,0.00000567,-0.8
,,,0.00000568,0.8
,,,0.00000569,0
,,,0.0000057,0
,,,0.00000571,0
,,,0.00000572,0.8
,,,0.00000573,0.8
,,,0.00000574,0
,,,0.00000575,0
,,,0.00000576,0.8
,,,0.00000577,0
,,,0.00000578,0.8
,,,0.00000579,-0.8
,,,0.0000058,0
,,,0.00000581,0.8
,,,0.00000582,0
,,,0.00000583,0.8
,,,0.00000584,-0.8
,,,0.00000585,0
,,,0.00000586,-0.8
,,,0.00000587,-0.8
,,,0.00000588,-0.8
,,,0.00000589,-0.8
,,,0.0000059,-0.8
,,,0.00000591,0
,,,0.00000592,-0.8
,,,0.00000593,1.6
,,,0.00000594,-0.8
,,,0.00000595,0
,,,0.00000596,0.8
,,,0.00000597,0
,,,0.00000598,0.8
,,,0.00000599,0
,,,0.000006,0.8
,,,0.00000601,0
,,,0.00000602,0.8
,,,0.00000603,0.8
,,,0.00000604,0
,,,0.00000605,0
,,,0.00000606,0
,,,0.00000607,0
,,,0.00000608,0.8
,,,0.00000609,0.8
,,,0.0000061,0
,,,0.00000611,0.8
,,,0.00000612,0.8
,,,0.00000613,0.8
,,,0.00000614,0.8
,,,0.00000615,0
,,,0.00000616,-0.8
,,,0.00000617,0
,,,0.00000618,0
,,,0.00000619,-0.8
,,,0.0000062,0
,,,0.00000621,-0.8
,,,0.00000622,0
,,,0.00000623,1.6
,,,0.00000624,0.8
,,,0.00000625,0.8
,,,0.00000626,0.8
,,,0.00000627,0.8
,,,0.00000628,0
,,,0.00000629,0
,,,0.0000063,0
,,,0.00000631,-0.8
,,,0.00000632,0
,,,0.00000633,0
,,,0.00000634,0
,,,0.00000635,0.8
,,,0.00000636,1.6
,,,0.00000637,1.6
,,,0.00000638,0.8
,,,0.00000639,0.8
,,,0.0000064,2.4
,,,0.00000641,-0.8
,,,0.00000642,-0.8
,,,0.00000643,0
,,,0.00000644,-0.8
,,,0.00000645,-2.4
,,,0.00000646,-0.8
,,,0.00000647,-0.8
,,,0.00000648,-0.8
,,,0.00000649,0
,,,0.0000065,0
,,,0.00000651,-0.8
,,,0.00000652,0.8
,,,0.00000653,0
,,,0.00000654,0.8
,,,0.00000655,0
,,,0.00000656,0
,,,0.00000657,0.8
,,,0.00000658,0
,,,0.00000659,0
,,,0.0000066,0.8
,,,0.00000661,0.8
,,,0.00000662,0.8
,,,0.00000663,0
,,,0.00000664,-0.8
,,,0.00000665,0
,,,0.00000666,0.8
,,,0.00000667,0.8
,,,0.00000668,0.8
,,,0.00000669,0
,,,0.0000067,0
,,,0.00000671,0
,,,0.00000672,0
,,,0.00000673,-0.8
,,,0.00000674,-0.8
,,,0.00000675,-0.8
,,,0.00000676,-0.8
,,,0.00000677,0.8
,,,0.00000678,-0.8
,,,0.00000679,0
,,,0.0000068,0
,,,0.00000681,0
,,,0.00000682,0.8
,,,0.00000683,-0.8
,,,0.00000684,-0.8
,,,0.00000685,0.8
,,,0.00000686,0.8
,,,0.00000687,1.6
,,,0.00000688,0.8
,,,0.00000689,0.8
,,,0.0000069,0.8
,,,0.00000691,0
,,,0.00000692,0.8
,,,0.00000693,0
,,,0.00000694,0
,,,0.00000695,0
,,,0.00000696,-0.8
,,,0.00000697,0
,,,0.00000698,-0.8
,,,0.00000699,0
,,,0.000007,0
,,,0.00000701,0
,,,0.00000702,0
,,,0.00000703,0.8
,,,0.00000704,0
,,,0.00000705,0
,,,0.00000706,0.8
,,,0.00000707,1.6
,,,0.00000708,0.8
,,,0.00000709,0
,,,0.0000071,-1.6
,,,0.00000711,-0.8
,,,0.00000712,0
,,,0.00000713,0
,,,0.00000714,0.8
,,,0.00000715,0
,,,0.00000716,-0.8
,,,0.00000717,0.8
,,,0.00000718,0.8
,,,0.00000719,0
,,,0.0000072,0
,,,0.00000721,0
,,,0.00000722,0.8
,,,0.00000723,0
,,,0.00000724,0
,,,0.00000725,0.8
,,,0.00000726,0
,,,0.00000727,0.8
,,,0.00000728,0
,,,0.00000729,0
,,,0.0000073,0
,,,0.00000731,-0.8
,,,0.00000732,0.8
,,,0.00000733,0
,,,0.00000734,0
,,,0.00000735,-0.8
,,,0.00000736,0
,,,0.00000737,0.8
,,,0.00000738,0.8
,,,0.00000739,0.8
,,,0.0000074,0
,,,0.00000741,0
,,,0.00000742,0.8
,,,0.00000743,0
,,,0.00000744,-0.8
,,,0.00000745,0.8
,,,0.00000746,0.8
,,,0.00000747,0
,,,0.00000748,0
,,,0.00000749,0
,,,0.0000075,0
,,,0.00000751,0
,,,0.00000752,0
,,,0.00000753,-0.8
,,,0.00000754,-0.8
,,,0.00000755,0
,,,0.00000756,0.8
,,,0.00000757,0
,,,0.00000758,0
,,,0.00000759,0
,,,0.0000076,-0.8
,,,0.00000761,0.8
,,,0.00000762,0.8
,,,0.00000763,-0.8
,,,0.00000764,0
,,,0.00000765,0
,,,0.00000766,0.8
,,,0.00000767,0
,,,0.00000768,0.8
,,,0.00000769,0.8
,,,0.0000077,0
,,,0.00000771,0.8
,,,0.00000772,0
,,,0.00000773,1.6
,,,0.00000774,0
,,,0.00000775,-0.8
,,,0.00000776,0.8
,,,0.00000777,-0.8
,,,0.00000778,0
,,,0.00000779,-0.8
,,,0.0000078,0
,,,0.00000781,0
,,,0.00000782,0
,,,0.00000783,0
,,,0.00000784,0
,,,0.00000785,0
,,,0.00000786,0
,,,0.00000787,-0.8
,,,0.00000788,-0.8
,,,0.00000789,0
,,,0.0000079,0
,,,0.00000791,1.6
,,,0.00000792,0
,,,0.00000793,0
,,,0.00000794,0.8
,,,0.00000795,0.8
,,,0.00000796,1.6
,,,0.00000797,0
,,,0.00000798,0.8
,,,0.00000799,0
,,,0.000008,0
,,,0.00000801,0.8
,,,0.00000802,-0.8
,,,0.00000803,-0.8
,,,0.00000804,0
,,,0.00000805,-0.8
,,,0.00000806,0
,,,0.00000807,-0.8
,,,0.00000808,0
,,,0.00000809,0
,,,0.0000081,0
,,,0.00000811,0.8
,,,0.00000812,-0.8
,,,0.00000813,0
,,,0.00000814,0
,,,0.00000815,0
,,,0.00000816,0
,,,0.00000817,0
,,,0.00000818,0
,,,0.00000819,0
,,,0.0000082,0
,,,0.00000821,1.6
,,,0.00000822,0
,,,0.00000823,0.8
,,,0.00000824,0
,,,0.00000825,0.8
,,,0.00000826,0.8
,,,0.00000827,0.8
,,,0.00000828,0
,,,0.00000829,-0.8
,,,0.0000083,0.8
,,,0.00000831,0.8
,,,0.00000832,-0.8
,,,0.00000833,-0.8
,,,0.00000834,0
,,,0.00000835,-0.8
,,,0.00000836,0
,,,0.00000837,0
,,,0.00000838,0.8
,,,0.00000839,-0.8
,,,0.0000084,0
,,,0.00000841,0.8
,,,0.00000842,0
,,,0.00000843,-0.8
,,,0.00000844,0
,,,0.00000845,0
,,,0.00000846,-0.8
,,,0.00000847,0
,,,0.00000848,-0.8
,,,0.00000849,0
,,,0.0000085,0.8
,,,0.00000851,0
,,,0.00000852,0
,,,0.00000853,0.8
,,,0.00000854,1.6
,,,0.00000855,0.8
,,,0.00000856,0.8
,,,0.00000857,-0.8
,,,0.00000858,0
,,,0.00000859,0
,,,0.0000086,0
,,,0.00000861,0
,,,0.00000862,-0.8
,,,0.00000863,0
,,,0.00000864,0.8
,,,0.00000865,1.6
,,,0.00000866,0.8
,,,0.00000867,0
,,,0.00000868,0
,,,0.00000869,0
,,,0.0000087,0.8
,,,0.00000871,0
,,,0.00000872,-0.8
,,,0.00000873,-0.8
,,,0.00000874,0.8
,,,0.00000875,2.4
,,,0.00000876,0
,,,0.00000877,0.8
,,,0.00000878,0
,,,0.00000879,0
,,,0.0000088,0.8
,,,0.00000881,0
,,,0.00000882,0
,,,0.00000883,0
,,,0.00000884,0.8
,,,0.00000885,0.8
,,,0.00000886,-0.8
,,,0.00000887,0
,,,0.00000888,-0.8
,,,0.00000889,0
,,,0.0000089,0.8
,,,0.00000891,0
,,,0.00000892,-0.8
,,,0.00000893,-0.8
,,,0.00000894,0
,,,0.00000895,0.8
,,,0.00000896,0
,,,0.00000897,0
,,,0.00000898,-0.8
,,,0.00000899,-0.8
,,,0.000009,0.8
,,,0.00000901,0.8
,,,0.00000902,0
,,,0.00000903,0
,,,0.00000904,-0.8
,,,0.00000905,0.8
,,,0.00000906,0
,,,0.00000907,0
,,,0.00000908,-0.8
,,,0.00000909,-0.8
,,,0.0000091,0
,,,0.00000911,0
,,,0.00000912,0
,,,0.00000913,0
,,,0.00000914,-0.8
,,,0.00000915,0.8
,,,0.00000916,0.8
,,,0.00000917,0.8
,,,0.00000918,-0.8
,,,0.00000919,0
,,,0.0000092,0.8
,,,0.00000921,0
,,,0.00000922,0.8
,,,0.00000923,0
,,,0.00000924,0
,,,0.00000925,0.8
,,,0.00000926,0
,,,0.00000927,0
,,,0.00000928,0
,,,0.00000929,0.8
,,,0.0000093,0.8
,,,0.00000931,0.8
,,,0.00000932,-0.8
,,,0.00000933,0
,,,0.00000934,0
,,,0.00000935,0
,,,0.00000936,0
,,,0.00000937,0.8
,,,0.00000938,0.8
,,,0.00000939,0.8
,,,0.0000094,1.6
,,,0.00000941,0
,,,0.00000942,0
,,,0.00000943,0.8
,,,0.00000944,0
,,,0.00000945,0
,,,0.00000946,-0.8
,,,0.00000947,0
,,,0.00000948,-1.6
,,,0.00000949,-0.8
,,,0.0000095,-0.8
,,,0.00000951,0
,,,0.00000952,0
,,,0.00000953,0.8
,,,0.00000954,0
,,,0.00000955,0.8
,,,0.00000956,0
,,,0.00000957,-0.8
,,,0.00000958,-0.8
,,,0.00000959,0.8
,,,0.0000096,-0.8
,,,0.00000961,-0.8
,,,0.00000962,-0.8
,,,0.00000963,0.8
,,,0.00000964,-0.8
,,,0.00000965,-0.8
,,,0.00000966,0
,,,0.00000967,0
,,,0.00000968,0
,,,0.00000969,1.6
,,,0.0000097,0.8
,,,0.00000971,0.8
,,,0.00000972,0.8
,,,0.00000973,0
,,,0.00000974,1.6
,,,0.00000975,0
,,,0.00000976,0
,,,0.00000977,-0.8
,,,0.00000978,0
,,,0.00000979,0
,,,0.0000098,0
,,,0.00000981,0.8
,,,0.00000982,0
,,,0.00000983,0
,,,0.00000984,0.8
,,,0.00000985,-0.8
,,,0.00000986,-0.8
,,,0.00000987,0
,,,0.00000988,0.8
,,,0.00000989,1.6
,,,0.0000099,0
,,,0.00000991,-0.8
,,,0.00000992,0
,,,0.00000993,0.8
,,,0.00000994,0.8
,,,0.00000995,0.8
,,,0.00000996,0
,,,0.00000997,0
,,,0.00000998,0
,,,0.00000999,0
,,,0.00001,-0.8
,,,0.00001001,-1.6
,,,0.00001002,-1.6
,,,0.00001003,-0.8
,,,0.00001004,-0.8
,,,0.00001005,-0.8
,,,0.00001006,0
,,,0.00001007,0
,,,0.00001008,0.8
,,,0.00001009,2.4
,,,0.0000101,1.6
,,,0.00001011,0.8
,,,0.00001012,0.8
,,,0.00001013,0
,,,0.00001014,0
,,,0.00001015,-0.8
,,,0.00001016,0
,,,0.00001017,-0.8
,,,0.00001018,0.8
,,,0.00001019,0.8
,,,0.0000102,0
,,,0.00001021,0.8
,,,0.00001022,0
,,,0.00001023,1.6
,,,0.00001024,0
,,,0.00001025,0
,,,0.00001026,0
,,,0.00001027,-0.8
,,,0.00001028,0
,,,0.00001029,0.8
,,,0.0000103,0
,,,0.00001031,0.8
,,,0.00001032,0
,,,0.00001033,0
,,,0.00001034,0
,,,0.00001035,0
,,,0.00001036,0.8
,,,0.00001037,-0.8
,,,0.00001038,0
,,,0.00001039,0.8
,,,0.0000104,0
,,,0.00001041,-0.8
,,,0.00001042,0
,,,0.00001043,-0.8
,,,0.00001044,-0.8
,,,0.00001045,0.8
,,,0.00001046,0.8
,,,0.00001047,-0.8
,,,0.00001048,0.8
,,,0.00001049,0
,,,0.0000105,0
,,,0.00001051,0
,,,0.00001052,0.8
,,,0.00001053,0
,,,0.00001054,0
,,,0.00001055,0
,,,0.00001056,0
,,,0.00001057,0
,,,0.00001058,1.6
,,,0.00001059,-0.8
,,,0.0000106,0
,,,0.00001061,0.8
,,,0.00001062,0.8
,,,0.00001063,0.8
,,,0.00001064,-0.8
,,,0.00001065,0
,,,0.00001066,0
,,,0.00001067,-0.8
,,,0.00001068,0.8
,,,0.00001069,-0.8
,,,0.0000107,-0.8
,,,0.00001071,0
,,,0.00001072,0
,,,0.00001073,1.6
,,,0.00001074,0
,,,0.00001075,0
,,,0.00001076,0
,,,0.00001077,0
,,,0.00001078,0
,,,0.00001079,-0.8
,,,0.0000108,0
,,,0.00001081,-0.8
,,,0.00001082,0
,,,0.00001083,0.8
,,,0.00001084,0
,,,0.00001085,-0.8
,,,0.00001086,0.8
,,,0.00001087,0
,,,0.00001088,0.8
,,,0.00001089,0
,,,0.0000109,0
,,,0.00001091,-0.8
,,,0.00001092,0
,,,0.00001093,0.8
,,,0.00001094,0.8
,,,0.00001095,0
,,,0.00001096,0
,,,0.00001097,0
,,,0.00001098,0
,,,0.00001099,0
,,,0.000011,-0.8
,,,0.00001101,-0.8
,,,0.00001102,-0.8
,,,0.00001103,0.8
,,,0.00001104,-0.8
,,,0.00001105,-0.8
,,,0.00001106,-0.8
,,,0.00001107,0
,,,0.00001108,0
,,,0.00001109,0.8
,,,0.0000111,-0.8
,,,0.00001111,0
,,,0.00001112,0.8
,,,0.00001113,0.8
,,,0.00001114,0
,,,0.00001115,0
,,,0.00001116,0
,,,0.00001117,0
,,,0.00001118,1.6
,,,0.00001119,0
,,,0.0000112,0.8
,,,0.00001121,0
,,,0.00001122,0
,,,0.00001123,0
,,,0.00001124,0
,,,0.00001125,0.8
,,,0.00001126,0.8
,,,0.00001127,0.8
,,,0.00001128,0.8
,,,0.00001129,-0.8
,,,0.0000113,0.8
,,,0.00001131,0
,,,0.00001132,-0.8
,,,0.00001133,0.8
,,,0.00001134,0
,,,0.00001135,1.6
,,,0.00001136,0.8
,,,0.00001137,0
,,,0.00001138,0.8
,,,0.00001139,0
,,,0.0000114,-0.8
,,,0.00001141,0.8
,,,0.00001142,0.8
,,,0.00001143,-0.8
,,,0.00001144,0
,,,0.00001145,0
,,,0.00001146,0
,,,0.00001147,0
,,,0.00001148,0
,,,0.00001149,0
,,,0.0000115,0.8
,,,0.00001151,0
,,,0.00001152,0
,,,0.00001153,0
,,,0.00001154,0.8
,,,0.00001155,-0.8
,,,0.00001156,-0.8
,,,0.00001157,0
,,,0.00001158,0
,,,0.00001159,-0.8
,,,0.0000116,0
,,,0.00001161,0
,,,0.00001162,0.8
,,,0.00001163,0.8
,,,0.00001164,0.8
,,,0.00001165,0
,,,0.00001166,0.8
,,,0.00001167,1.6
,,,0.00001168,0
,,,0.00001169,-0.8
,,,0.0000117,0
,,,0.00001171,0
,,,0.00001172,0.8
,,,0.00001173,0
,,,0.00001174,0
,,,0.00001175,0.8
,,,0.00001176,-0.8
,,,0.00001177,0
,,,0.00001178,-0.8
,,,0.00001179,0
,,,0.0000118,0
,,,0.00001181,-0.8
,,,0.00001182,0
,,,0.00001183,-1.6
,,,0.00001184,-0.8
,,,0.00001185,0
,,,0.00001186,0
,,,0.00001187,0
,,,0.00001188,0
,,,0.00001189,0
,,,0.0000119,0
,,,0.00001191,0.8
,,,0.00001192,0
,,,0.00001193,0
,,,0.00001194,0
,,,0.00001195,0
,,,0.00001196,0
,,,0.00001197,0.8
,,,0.00001198,-0.8
,,,0.00001199,0
,,,0.000012,0
,,,0.00001201,0.8
,,,0.00001202,0.8
,,,0.00001203,0.8
,,,0.00001204,0
,,,0.00001205,-0.8
,,,0.00001206,0
,,,0.00001207,2.4
,,,0.00001208,0
,,,0.00001209,0
,,,0.0000121,0
,,,0.00001211,-0.8
,,,0.00001212,0
,,,0.00001213,0
,,,0.00001214,0
,,,0.00001215,-0.8
,,,0.00001216,-0.8
,,,0.00001217,1.6
,,,0.00001218,-0.8
,,,0.00001219,0
,,,0.0000122,-0.8
,,,0.00001221,0.8
,,,0.00001222,1.6
,,,0.00001223,0.8
,,,0.00001224,0.8
,,,0.00001225,-0.8
,,,0.00001226,0
,,,0.00001227,0.8
,,,0.00001228,-0.8
,,,0.00001229,0
,,,0.0000123,0.8
,,,0.00001231,-0.8
,,,0.00001232,0.8
,,,0.00001233,0
,,,0.00001234,1.6
,,,0.00001235,0.8
,,,0.00001236,0
,,,0.00001237,0.8
,,,0.00001238,-0.8
,,,0.00001239,-0.8
,,,0.0000124,0
,,,0.00001241,0
,,,0.00001242,0
,,,0.00001243,-0.8
,,,0.00001244,-0.8
,,,0.00001245,0
,,,0.00001246,0
,,,0.00001247,0
,,,0.00001248,0
,,,0.00001249,0
,,,0.0000125,0.8
,,,0.00001251,0
,,,0.00001252,0.8
,,,0.00001253,0
,,,0.00001254,0
,,,0.00001255,0.8
,,,0.00001256,1.6
,,,0.00001257,0
,,,0.00001258,-0.8
,,,0.00001259,0
,,,0.0000126,0.8
,,,0.00001261,1.6
,,,0.00001262,0.8
,,,0.00001263,0
,,,0.00001264,0
,,,0.00001265,0
,,,0.00001266,0.8
,,,0.00001267,-0.8
,,,0.00001268,0
,,,0.00001269,0
,,,0.0000127,-0.8
,,,0.00001271,0.8
,,,0.00001272,0.8
,,,0.00001273,0.8
,,,0.00001274,0
,,,0.00001275,0
,,,0.00001276,0.8
,,,0.00001277,0
,,,0.00001278,0
,,,0.00001279,0
,,,0.0000128,0.8
,,,0.00001281,0.8
,,,0.00001282,0
,,,0.00001283,0
,,,0.00001284,0
,,,0.00001285,-0.8
,,,0.00001286,0.8
,,,0.00001287,-0.8
,,,0.00001288,0
,,,0.00001289,0.8
,,,0.0000129,0
,,,0.00001291,0.8
,,,0.00001292,-0.8
,,,0.00001293,0
,,,0.00001294,0
,,,0.00001295,0
,,,0.00001296,0.8
,,,0.00001297,0
,,,0.00001298,0.8
,,,0.00001299,0
,,,0.000013,0
,,,0.00001301,1.6
,,,0.00001302,0.8
,,,0.00001303,0
,,,0.00001304,0.8
,,,0.00001305,0.8
,,,0.00001306,1.6
,,,0.00001307,0.8
,,,0.00001308,0
,,,0.00001309,0.8
,,,0.0000131,1.6
,,,0.00001311,0
,,,0.00001312,0
,,,0.00001313,0.8
,,,0.00001314,0
,,,0.00001315,0
,,,0.00001316,0.8
,,,0.00001317,0
,,,0.00001318,0.8
,,,0.00001319,-0.8
,,,0.0000132,0.8
,,,0.00001321,0.8
,,,0.00001322,0
,,,0.00001323,0
,,,0.00001324,0
,,,0.00001325,0
,,,0.00001326,0.8
,,,0.00001327,0
,,,0.00001328,0
,,,0.00001329,-0.8
,,,0.0000133,0
,,,0.00001331,1.6
,,,0.00001332,0
,,,0.00001333,0
,,,0.00001334,0
,,,0.00001335,0.8
,,,0.00001336,0.8
,,,0.00001337,-0.8
,,,0.00001338,-0.8
,,,0.00001339,-0.8
,,,0.0000134,0.8
,,,0.00001341,0
,,,0.00001342,0.8
,,,0.00001343,0
,,,0.00001344,0
,,,0.00001345,0
,,,0.00001346,0
,,,0.00001347,-0.8
,,,0.00001348,-0.8
,,,0.00001349,-0.8
,,,0.0000135,0.8
,,,0.00001351,0
,,,0.00001352,-0.8
,,,0.00001353,0
,,,0.00001354,0
,,,0.00001355,1.6
,,,0.00001356,0.8
,,,0.00001357,0.8
,,,0.00001358,0.8
,,,0.00001359,0
,,,0.0000136,0.8
,,,0.00001361,0.8
,,,0.00001362,0
,,,0.00001363,0
,,,0.00001364,0
,,,0.00001365,0
,,,0.00001366,0
,,,0.00001367,-0.8
,,,0.00001368,0.8
,,,0.00001369,-1.6
,,,0.0000137,0.8
,,,0.00001371,0.8
,,,0.00001372,0
,,,0.00001373,0.8
,,,0.00001374,0.8
,,,0.00001375,0.8
,,,0.00001376,-0.8
,,,0.00001377,0
,,,0.00001378,0
,,,0.00001379,0.8
,,,0.0000138,0.8
,,,0.00001381,0.8
,,,0.00001382,0
,,,0.00001383,0
,,,0.00001384,0
,,,0.00001385,0
,,,0.00001386,0
,,,0.00001387,-0.8
,,,0.00001388,0
,,,0.00001389,0
,,,0.0000139,0.8
,,,0.00001391,0
,,,0.00001392,0.8
,,,0.00001393,0
,,,0.00001394,0.8
,,,0.00001395,0.8
,,,0.00001396,0.8
,,,0.00001397,0
,,,0.00001398,0
,,,0.00001399,-0.8
,,,0.000014,0
,,,0.00001401,-0.8
,,,0.00001402,0
,,,0.00001403,-0.8
,,,0.00001404,0
,,,0.00001405,0
,,,0.00001406,-0.8
,,,0.00001407,0.8
,,,0.00001408,0
,,,0.00001409,0.8
,,,0.0000141,0.8
,,,0.00001411,0
,,,0.00001412,0.8
,,,0.00001413,0
,,,0.00001414,0
,,,0.00001415,0.8
,,,0.00001416,0
,,,0.00001417,0
,,,0.00001418,0
,,,0.00001419,0
,,,0.0000142,0
,,,0.00001421,0
,,,0.00001422,0
,,,0.00001423,-0.8
,,,0.00001424,0
,,,0.00001425,1.6
,,,0.00001426,0.8
,,,0.00001427,0
,,,0.00001428,0
,,,0.00001429,0
,,,0.0000143,0
,,,0.00001431,0.8
,,,0.00001432,1.6
,,,0.00001433,0.8
,,,0.00001434,0.8
,,,0.00001435,0.8
,,,0.00001436,-0.8
,,,0.00001437,-0.8
,,,0.00001438,0
,,,0.00001439,-0.8
,,,0.0000144,-0.8
,,,0.00001441,-0.8
,,,0.00001442,-0.8
,,,0.00001443,-0.8
,,,0.00001444,-0.8
,,,0.00001445,0
,,,0.00001446,0
,,,0.00001447,0.8
,,,0.00001448,0
,,,0.00001449,0
,,,0.0000145,0
,,,0.00001451,-0.8
,,,0.00001452,0
,,,0.00001453,0.8
,,,0.00001454,1.6
,,,0.00001455,0.8
,,,0.00001456,-0.8
,,,0.00001457,0.8
,,,0.00001458,0.8
,,,0.00001459,0.8
,,,0.0000146,0.8
,,,0.00001461,0.8
,,,0.00001462,0.8
,,,0.00001463,0
,,,0.00001464,0
,,,0.00001465,0
,,,0.00001466,-0.8
,,,0.00001467,-0.8
,,,0.00001468,0
,,,0.00001469,19.74
,,,0.0000147,-23.41
,,,0.00001471,14.61
,,,0.00001472,-26.83
,,,0.00001473,0.8
,,,0.00001474,0.8
,,,0.00001475,-0.8
,,,0.00001476,-0.8
,,,0.00001477,0
,,,0.00001478,0
,,,0.00001479,0.8
,,,0.0000148,-0.8
,,,0.00001481,0
,,,0.00001482,0.8
,,,0.00001483,0.8
,,,0.00001484,0.8
,,,0.00001485,0.8
,,,0.00001486,0
,,,0.00001487,-0.8
,,,0.00001488,0
,,,0.00001489,1.6
,,,0.0000149,-0.8
,,,0.00001491,-0.8
,,,0.00001492,0
,,,0.00001493,0
,,,0.00001494,0
,,,0.00001495,0
,,,0.00001496,-0.8
,,,0.00001497,-1.6
,,,0.00001498,0
,,,0.00001499,-0.8
,,,0.000015,0
,,,0.00001501,-0.8
,,,0.00001502,0
,,,0.00001503,0
,,,0.00001504,0.8
,,,0.00001505,0
,,,0.00001506,0.8
,,,0.00001507,0
,,,0.00001508,0.8
,,,0.00001509,0.8
,,,0.0000151,0
,,,0.00001511,0.8
,,,0.00001512,0
,,,0.00001513,0
,,,0.00001514,1.6
,,,0.00001515,0
,,,0.00001516,0
,,,0.00001517,0
,,,0.00001518,0
,,,0.00001519,0.8
,,,0.0000152,0.8
,,,0.00001521,0.8
,,,0.00001522,0.8
,,,0.00001523,1.6
,,,0.00001524,0.8
,,,0.00001525,-0.8
,,,0.00001526,0
,,,0.00001527,0
,,,0.00001528,0
,,,0.00001529,0.8
,,,0.0000153,-0.8
,,,0.00001531,0.8
,,,0.00001532,-0.8
,,,0.00001533,0
,,,0.00001534,0.8
,,,0.00001535,0
,,,0.00001536,-0.8
,,,0.00001537,0
,,,0.00001538,0
,,,0.00001539,-0.8
,,,0.0000154,-0.8
,,,0.00001541,0
,,,0.00001542,0
,,,0.00001543,0.8
,,,0.00001544,0
,,,0.00001545,0
,,,0.00001546,0
,,,0.00001547,1.6
,,,0.00001548,0
,,,0.00001549,-0.8
,,,0.0000155,-1.6
,,,0.00001551,0
,,,0.00001552,-0.8
,,,0.00001553,0.8
,,,0.00001554,-0.8
,,,0.00001555,-0.8
,,,0.00001556,0
,,,0.00001557,0
,,,0.00001558,0.8
,,,0.00001559,0.8
,,,0.0000156,0.8
,,,0.00001561,0.8
,,,0.00001562,0.8
,,,0.00001563,0.8
,,,0.00001564,0.8
,,,0.00001565,0
,,,0.00001566,0.8
,,,0.00001567,-0.8
,,,0.00001568,0.8
,,,0.00001569,0
,,,0.0000157,0.8
,,,0.00001571,0
,,,0.00001572,0
,,,0.00001573,0
,,,0.00001574,0
,,,0.00001575,0
,,,0.00001576,0.8
,,,0.00001577,0
,,,0.00001578,0.8
,,,0.00001579,-0.8
,,,0.0000158,-0.8
,,,0.00001581,0
,,,0.00001582,-0.8
,,,0.00001583,0
,,,0.00001584,0
,,,0.00001585,0.8
,,,0.00001586,0
,,,0.00001587,0
,,,0.00001588,1.6
,,,0.00001589,0.8
,,,0.0000159,0
,,,0.00001591,-0.8
,,,0.00001592,0
,,,0.00001593,0
,,,0.00001594,-0.8
,,,0.00001595,0
,,,0.00001596,0
,,,0.00001597,-1.6
,,,0.00001598,0.8
,,,0.00001599,0
,,,0.000016,0
,,,0.00001601,0
,,,0.00001602,0.8
,,,0.00001603,0.8
,,,0.00001604,0
,,,0.00001605,0.8
,,,0.00001606,0
,,,0.00001607,0
,,,0.00001608,1.6
,,,0.00001609,0
,,,0.0000161,0.8
,,,0.00001611,0.8
,,,0.00001612,0
,,,0.00001613,0
,,,0.00001614,-0.8
,,,0.00001615,-0.8
,,,0.00001616,0
,,,0.00001617,0
,,,0.00001618,0.8
,,,0.00001619,0
,,,0.0000162,0
,,,0.00001621,0
,,,0.00001622,0.8
,,,0.00001623,0
,,,0.00001624,0
,,,0.00001625,0.8
,,,0.00001626,0.8
,,,0.00001627,1.6
,,,0.00001628,0
,,,0.00001629,0.8
,,,0.0000163,0.8
,,,0.00001631,0.8
,,,0.00001632,0.8
,,,0.00001633,1.6
,,,0.00001634,0
,,,0.00001635,0
,,,0.00001636,0
,,,0.00001637,0
,,,0.00001638,0
,,,0.00001639,0
,,,0.0000164,0
,,,0.00001641,0
,,,0.00001642,0.8
,,,0.00001643,0.8
,,,0.00001644,-0.8
,,,0.00001645,-0.8
,,,0.00001646,-0.8
,,,0.00001647,-0.8
,,,0.00001648,0
,,,0.00001649,0
,,,0.0000165,-0.8
,,,0.00001651,0
,,,0.00001652,1.6
,,,0.00001653,0.8
,,,0.00001654,0
,,,0.00001655,0
,,,0.00001656,0.8
,,,0.00001657,0.8
,,,0.00001658,0
,,,0.00001659,0
,,,0.0000166,0
,,,0.00001661,0
,,,0.00001662,1.6
,,,0.00001663,0
,,,0.00001664,0.8
,,,0.00001665,0.8
,,,0.00001666,-0.8
,,,0.00001667,1.6
,,,0.00001668,0.8
,,,0.00001669,0
,,,0.0000167,-0.8
,,,0.00001671,0
,,,0.00001672,0.8
,,,0.00001673,-1.6
,,,0.00001674,-0.8
,,,0.00001675,0
,,,0.00001676,0
,,,0.00001677,1.6
,,,0.00001678,-0.8
,,,0.00001679,0.8
,,,0.0000168,0.8
,,,0.00001681,0
,,,0.00001682,0.8
,,,0.00001683,0
,,,0.00001684,0.8
,,,0.00001685,0.8
,,,0.00001686,0
,,,0.00001687,0.8
,,,0.00001688,0
,,,0.00001689,-0.8
,,,0.0000169,-0.8
,,,0.00001691,0
,,,0.00001692,-0.8
,,,0.00001693,-1.6
,,,0.00001694,-0.8
,,,0.00001695,0
,,,0.00001696,-0.8
,,,0.00001697,0.8
,,,0.00001698,0.8
,,,0.00001699,0.8
,,,0.000017,0
,,,0.00001701,0
,,,0.00001702,1.6
,,,0.00001703,0
,,,0.00001704,0.8
,,,0.00001705,0
,,,0.00001706,0
,,,0.00001707,0
,,,0.00001708,0
,,,0.00001709,0.8
,,,0.0000171,0
,,,0.00001711,0.8
,,,0.00001712,2.4
,,,0.00001713,0.8
,,,0.00001714,0.8
,,,0.00001715,0
,,,0.00001716,0
,,,0.00001717,0.8
,,,0.00001718,0
,,,0.00001719,0.8
,,,0.0000172,0
,,,0.00001721,0.8
,,,0.00001722,0.8
,,,0.00001723,0
,,,0.00001724,0.8
,,,0.00001725,0
,,,0.00001726,0
,,,0.00001727,0.8
,,,0.00001728,0
,,,0.00001729,0.8
,,,0.0000173,0
,,,0.00001731,0
,,,0.00001732,0
,,,0.00001733,0
,,,0.00001734,0
,,,0.00001735,0
,,,0.00001736,0
,,,0.00001737,0
,,,0.00001738,0
,,,0.00001739,0
,,,0.0000174,-0.8
,,,0.00001741,0.8
,,,0.00001742,0
,,,0.00001743,-0.8
,,,0.00001744,0
,,,0.00001745,-0.8
,,,0.00001746,0
,,,0.00001747,0
,,,0.00001748,-0.8
,,,0.00001749,0
,,,0.0000175,0
,,,0.00001751,0.8
,,,0.00001752,0
,,,0.00001753,-0.8
,,,0.00001754,0
,,,0.00001755,0
,,,0.00001756,0
,,,0.00001757,0
,,,0.00001758,-0.8
,,,0.00001759,0
,,,0.0000176,-0.8
,,,0.00001761,-0.8
,,,0.00001762,0
,,,0.00001763,0
,,,0.00001764,0
,,,0.00001765,-0.8
,,,0.00001766,1.6
,,,0.00001767,-0.8
,,,0.00001768,0
,,,0.00001769,0
,,,0.0000177,0
,,,0.00001771,0.8
,,,0.00001772,-0.8
,,,0.00001773,0
,,,0.00001774,-0.8
,,,0.00001775,0.8
,,,0.00001776,0.8
,,,0.00001777,0.8
,,,0.00001778,1.6
,,,0.00001779,0.8
,,,0.0000178,0.8
,,,0.00001781,1.6
,,,0.00001782,0.8
,,,0.00001783,0
,,,0.00001784,-0.8
,,,0.00001785,0
,,,0.00001786,0
,,,0.00001787,-0.8
,,,0.00001788,0
,,,0.00001789,0
,,,0.0000179,0.8
,,,0.00001791,0.8
,,,0.00001792,0
,,,0.00001793,0
,,,0.00001794,-0.8
,,,0.00001795,0
,,,0.00001796,0
,,,0.00001797,0
,,,0.00001798,0
,,,0.00001799,-0.8
,,,0.000018,-0.8
,,,0.00001801,0
,,,0.00001802,0
,,,0.00001803,0.8
,,,0.00001804,0.8
,,,0.00001805,0.8
,,,0.00001806,1.6
,,,0.00001807,0
,,,0.00001808,0.8
,,,0.00001809,0
,,,0.0000181,0.8
,,,0.00001811,1.6
,,,0.00001812,0.8
,,,0.00001813,0
,,,0.00001814,0.8
,,,0.00001815,0.8
,,,0.00001816,1.6
,,,0.00001817,0
,,,0.00001818,0
,,,0.00001819,-0.8
,,,0.0000182,0
,,,0.00001821,0.8
,,,0.00001822,0
,,,0.00001823,-0.8
,,,0.00001824,-0.8
,,,0.00001825,0
,,,0.00001826,0
,,,0.00001827,0
,,,0.00001828,0
,,,0.00001829,0
,,,0.0000183,0.8
,,,0.00001831,1.6
,,,0.00001832,-0.8
,,,0.00001833,0
,,,0.00001834,0.8
,,,0.00001835,0.8
,,,0.00001836,0
,,,0.00001837,0.8
,,,0.00001838,0
,,,0.00001839,0
,,,0.0000184,0.8
,,,0.00001841,0
,,,0.00001842,0
,,,0.00001843,0
,,,0.00001844,0.8
,,,0.00001845,0.8
,,,0.00001846,0.8
,,,0.00001847,0
,,,0.00001848,-0.8
,,,0.00001849,0
,,,0.0000185,0
,,,0.00001851,0
,,,0.00001852,0
,,,0.00001853,0.8
,,,0.00001854,0
,,,0.00001855,0.8
,,,0.00001856,0
,,,0.00001857,0
,,,0.00001858,0
,,,0.00001859,0
,,,0.0000186,1.6
,,,0.00001861,0.8
,,,0.00001862,0.8
,,,0.00001863,0.8
,,,0.00001864,0.8
,,,0.00001865,1.6
,,,0.00001866,0.8
,,,0.00001867,0
,,,0.00001868,0
,,,0.00001869,0
,,,0.0000187,0
,,,0.00001871,0
,,,0.00001872,-0.8
,,,0.00001873,0
,,,0.00001874,0
,,,0.00001875,0
,,,0.00001876,0
,,,0.00001877,-0.8
,,,0.00001878,0
,,,0.00001879,-0.8
,,,0.0000188,0.8
,,,0.00001881,0
,,,0.00001882,0
,,,0.00001883,0
,,,0.00001884,0
,,,0.00001885,0.8
,,,0.00001886,0.8
,,,0.00001887,0
,,,0.00001888,-0.8
,,,0.00001889,0.8
,,,0.0000189,0.8
,,,0.00001891,0
,,,0.00001892,0
,,,0.00001893,0
,,,0.00001894,0
,,,0.00001895,0.8
,,,0.00001896,0
,,,0.00001897,0.8
,,,0.00001898,0
,,,0.00001899,0
,,,0.000019,1.6
,,,0.00001901,0.8
,,,0.00001902,0
,,,0.00001903,0
,,,0.00001904,0
,,,0.00001905,0
,,,0.00001906,0
,,,0.00001907,0
,,,0.00001908,-0.8
,,,0.00001909,0
,,,0.0000191,1.6
,,,0.00001911,-0.8
,,,0.00001912,0
,,,0.00001913,0
,,,0.00001914,0.8
,,,0.00001915,0.8
,,,0.00001916,0
,,,0.00001917,0.8
,,,0.00001918,0
,,,0.00001919,-0.8
,,,0.0000192,0.8
,,,0.00001921,-0.8
,,,0.00001922,0
,,,0.00001923,0
,,,0.00001924,0
,,,0.00001925,0.8
,,,0.00001926,-0.8
,,,0.00001927,0.8
,,,0.00001928,0.8
,,,0.00001929,0
,,,0.0000193,0
,,,0.00001931,-0.8
,,,0.00001932,-0.8
,,,0.00001933,0
,,,0.00001934,0.8
,,,0.00001935,0.8
,,,0.00001936,0
,,,0.00001937,0.8
,,,0.00001938,0.8
,,,0.00001939,0.8
,,,0.0000194,0
,,,0.00001941,0
,,,0.00001942,0
,,,0.00001943,0
,,,0.00001944,0
,,,0.00001945,-0.8
,,,0.00001946,-0.8
,,,0.00001947,0
,,,0.00001948,-0.8
,,,0.00001949,0.8
,,,0.0000195,0
,,,0.00001951,0
,,,0.00001952,0.8
,,,0.00001953,0.8
,,,0.00001954,2.4
,,,0.00001955,0.8
,,,0.00001956,0
,,,0.00001957,0.8
,,,0.00001958,-0.8
,,,0.00001959,0.8
,,,0.0000196,-0.8
,,,0.00001961,-0.8
,,,0.00001962,0
,,,0.00001963,0
,,,0.00001964,0.8
,,,0.00001965,0
,,,0.00001966,0
,,,0.00001967,0.8
,,,0.00001968,0
,,,0.00001969,0.8
,,,0.0000197,-0.8
,,,0.00001971,0
,,,0.00001972,-0.8
,,,0.00001973,0
,,,0.00001974,0
,,,0.00001975,-0.8
,,,0.00001976,-0.8
,,,0.00001977,-0.8
,,,0.00001978,0
,,,0.00001979,0.8
,,,0.0000198,-0.8
,,,0.00001981,-0.8
,,,0.00001982,-1.6
,,,0.00001983,0.8
,,,0.00001984,0.8
,,,0.00001985,0.8
,,,0.00001986,-0.8
,,,0.00001987,0
,,,0.00001988,0
,,,0.00001989,0.8
,,,0.0000199,0
,,,0.00001991,0
,,,0.00001992,0.8
,,,0.00001993,0
,,,0.00001994,0.8
,,,0.00001995,0
,,,0.00001996,0
,,,0.00001997,0
,,,0.00001998,-0.8
,,,0.00001999,0
,,,0.00002,-0.8
,,,0.00002001,0
,,,0.00002002,0.8
,,,0.00002003,0
,,,0.00002004,0
,,,0.00002005,-0.8
,,,0.00002006,0
,,,0.00002007,-0.8
,,,0.00002008,0.8
,,,0.00002009,0.8
,,,0.0000201,0.8
,,,0.00002011,0
,,,0.00002012,0
,,,0.00002013,0
,,,0.00002014,0.8
,,,0.00002015,0
,,,0.00002016,0
,,,0.00002017,-0.8
,,,0.00002018,0
,,,0.00002019,0.8
,,,0.0000202,-0.8
,,,0.00002021,0
,,,0.00002022,0
,,,0.00002023,0
,,,0.00002024,0.8
,,,0.00002025,0
,,,0.00002026,0.8
,,,0.00002027,0.8
,,,0.00002028,0.8
,,,0.00002029,0.8
,,,0.0000203,-0.8
,,,0.00002031,-0.8
,,,0.00002032,-0.8
,,,0.00002033,0
,,,0.00002034,-0.8
,,,0.00002035,-0.8
,,,0.00002036,0
,,,0.00002037,0
,,,0.00002038,0.8
,,,0.00002039,0
,,,0.0000204,0.8
,,,0.00002041,0
,,,0.00002042,0
,,,0.00002043,0
,,,0.00002044,0
,,,0.00002045,0
,,,0.00002046,0
,,,0.00002047,-0.8
,,,0.00002048,0.8
,,,0.00002049,-0.8
,,,0.0000205,-0.8
,,,0.00002051,-0.8
,,,0.00002052,0
,,,0.00002053,0.8
,,,0.00002054,0
,,,0.00002055,0.8
,,,0.00002056,0
,,,0.00002057,0
,,,0.00002058,1.6
,,,0.00002059,0
,,,0.0000206,-0.8
,,,0.00002061,0.8
,,,0.00002062,-0.8
,,,0.00002063,0.8
,,,0.00002064,0
,,,0.00002065,0
,,,0.00002066,0.8
,,,0.00002067,0
,,,0.00002068,0.8
,,,0.00002069,0
,,,0.0000207,-0.8
,,,0.00002071,0
,,,0.00002072,0
,,,0.00002073,0
,,,0.00002074,-1.6
,,,0.00002075,-0.8
,,,0.00002076,0
,,,0.00002077,0.8
,,,0.00002078,0.8
,,,0.00002079,0
,,,0.0000208,0.8
,,,0.00002081,0.8
,,,0.00002082,0
,,,0.00002083,0
,,,0.00002084,0
,,,0.00002085,0
,,,0.00002086,-0.8
,,,0.00002087,-0.8
,,,0.00002088,0
,,,0.00002089,-0.8
,,,0.0000209,0.8
,,,0.00002091,0.8
,,,0.00002092,-0.8
,,,0.00002093,0
,,,0.00002094,0
,,,0.00002095,0
,,,0.00002096,0
,,,0.00002097,0
,,,0.00002098,0
,,,0.00002099,-0.8
,,,0.000021,-0.8
,,,0.00002101,-0.8
,,,0.00002102,0
,,,0.00002103,0.8
,,,0.00002104,0
,,,0.00002105,0.8
,,,0.00002106,0
,,,0.00002107,0.8
,,,0.00002108,1.6
,,,0.00002109,0
,,,0.0000211,0
,,,0.00002111,0
,,,0.00002112,-1.6
,,,0.00002113,0.8
,,,0.00002114,-0.8
,,,0.00002115,0
,,,0.00002116,-0.8
,,,0.00002117,0
,,,0.00002118,0
,,,0.00002119,-0.8
,,,0.0000212,0.8
,,,0.00002121,0.8
,,,0.00002122,0
,,,0.00002123,0.8
,,,0.00002124,0.8
,,,0.00002125,0.8
,,,0.00002126,-0.8
,,,0.00002127,0
,,,0.00002128,0
,,,0.00002129,-0.8
,,,0.0000213,0.8
,,,0.00002131,0
,,,0.00002132,1.6
,,,0.00002133,0.8
,,,0.00002134,0
,,,0.00002135,0.8
,,,0.00002136,0
,,,0.00002137,0
,,,0.00002138,0
,,,0.00002139,0
,,,0.0000214,-0.8
,,,0.00002141,-0.8
,,,0.00002142,0.8
,,,0.00002143,0
,,,0.00002144,0
,,,0.00002145,0
,,,0.00002146,0
,,,0.00002147,0.8
,,,0.00002148,0
,,,0.00002149,0
,,,0.0000215,0.8
,,,0.00002151,0
,,,0.00002152,0
,,,0.00002153,0
,,,0.00002154,0
,,,0.00002155,0
,,,0.00002156,-0.8
,,,0.00002157,0.8
,,,0.00002158,-0.8
,,,0.00002159,-0.8
,,,0.0000216,0.8
,,,0.00002161,0
,,,0.00002162,0.8
,,,0.00002163,0.8
,,,0.00002164,0
,,,0.00002165,0
,,,0.00002166,0
,,,0.00002167,-0.8
,,,0.00002168,-0.8
,,,0.00002169,-0.8
,,,0.0000217,-0.8
,,,0.00002171,0
,,,0.00002172,0.8
,,,0.00002173,0
,,,0.00002174,1.6
,,,0.00002175,0
,,,0.00002176,0
,,,0.00002177,0.8
,,,0.00002178,0
,,,0.00002179,0
,,,0.0000218,0
,,,0.00002181,0
,,,0.00002182,0
,,,0.00002183,0
,,,0.00002184,-0.8
,,,0.00002185,0
,,,0.00002186,0
,,,0.00002187,0.8
,,,0.00002188,0.8
,,,0.00002189,0
,,,0.0000219,0.8
,,,0.00002191,0
,,,0.00002192,0
,,,0.00002193,0
,,,0.00002194,-0.8
,,,0.00002195,0
,,,0.00002196,0
,,,0.00002197,0
,,,0.00002198,0
,,,0.00002199,0
,,,0.000022,0.8
,,,0.00002201,0
,,,0.00002202,0.8
,,,0.00002203,-0.8
,,,0.00002204,0
,,,0.00002205,-0.8
,,,0.00002206,-0.8
,,,0.00002207,1.6
,,,0.00002208,0
,,,0.00002209,0
,,,0.0000221,0
,,,0.00002211,0
,,,0.00002212,0.8
,,,0.00002213,0
,,,0.00002214,0
,,,0.00002215,0
,,,0.00002216,0.8
,,,0.00002217,0
,,,0.00002218,-0.8
,,,0.00002219,0
,,,0.0000222,-0.8
,,,0.00002221,0
,,,0.00002222,0
,,,0.00002223,-0.8
,,,0.00002224,0
,,,0.00002225,-0.8
,,,0.00002226,0
,,,0.00002227,0.8
,,,0.00002228,-0.8
,,,0.00002229,0
,,,0.0000223,0
,,,0.00002231,0
,,,0.00002232,0
,,,0.00002233,0
,,,0.00002234,-0.8
,,,0.00002235,-0.8
,,,0.00002236,0
,,,0.00002237,0
,,,0.00002238,0
,,,0.00002239,0
,,,0.0000224,0.8
,,,0.00002241,0.8
,,,0.00002242,0.8
,,,0.00002243,0
,,,0.00002244,0
,,,0.00002245,-0.8
,,,0.00002246,0
,,,0.00002247,-0.8
,,,0.00002248,0
,,,0.00002249,0
,,,0.0000225,0
,,,0.00002251,0.8
,,,0.00002252,0.8
,,,0.00002253,0.8
,,,0.00002254,0.8
,,,0.00002255,0
,,,0.00002256,0.8
,,,0.00002257,0
,,,0.00002258,-0.8
,,,0.00002259,0.8
